ht_selex_study,ht_selex_key,chip_key
PRJEB3289,CUX1_TAGCAG40NACT,CUX1_GM12878
PRJEB3289,CUX1_TAGCAG40NACT,CUX1_K562
PRJEB3289,CUX1_TAGCAG40NACT,CUX1_MCF-7
PRJEB3289,EMX1_TCGCAT30NACT,EMX1_WTC11
PRJEB3289,ETS1_TGTACC30NCAG,ETS1_GM12878
PRJEB3289,ETS1_TGTACC30NCAG,ETS1_GM23338
PRJEB3289,ETS1_TGTACC30NCAG,ETS1_HepG2
PRJEB3289,GLI2_TAAGTA40NTGA,GLI2_HEK293
PRJEB3289,HNF4A_TCCGTG40NTGC,HNF4A_HepG2
PRJEB3289,HOXA10_TAGGAT30NAGT,HOXA10_HepG2
PRJEB3289,IRF3_TCCTAA40NATC,IRF3_GM12878
PRJEB3289,IRF3_TCCTAA40NATC,IRF3_HeLa-S3
PRJEB3289,IRF3_TCCTAA40NATC,IRF3_HepG2
PRJEB3289,IRF3_TCCTAA40NATC,IRF3_SK-N-SH
PRJEB3289,ISL2_TCTAAT30NAAG,ISL2_HepG2
PRJEB3289,MAFK_TGCCTG30NTCC,MAFK_A549
PRJEB3289,MAFK_TGCCTG30NTCC,MAFK_GM12878
PRJEB3289,MAFK_TGCCTG30NTCC,MAFK_H1
PRJEB3289,MAFK_TGCCTG30NTCC,MAFK_HeLa-S3
PRJEB3289,MAFK_TGCCTG30NTCC,MAFK_HepG2
PRJEB3289,MAFK_TGCCTG30NTCC,MAFK_IMR-90
PRJEB3289,MAFK_TGCCTG30NTCC,MAFK_K562
PRJEB3289,MAFK_TGCCTG30NTCC,MAFK_MCF-7
PRJEB3289,ONECUT2_TGGGCG30NCGT,ONECUT2_HepG2
PRJEB3289,RFX5_TGGAGC30NGAT,RFX5_A549
PRJEB3289,RFX5_TGGAGC30NGAT,RFX5_GM12878
PRJEB3289,RFX5_TGGAGC30NGAT,RFX5_H1
PRJEB3289,RFX5_TGGAGC30NGAT,RFX5_HeLa-S3
PRJEB3289,RFX5_TGGAGC30NGAT,RFX5_HepG2
PRJEB3289,RFX5_TGGAGC30NGAT,RFX5_IMR-90
PRJEB3289,RFX5_TGGAGC30NGAT,RFX5_K562
PRJEB3289,RFX5_TGGAGC30NGAT,RFX5_MCF-7
PRJEB3289,RFX5_TGGAGC30NGAT,RFX5_SK-N-SH
PRJEB3289,RXRA_TCACGT30NGCA,RXRA_GM12878
PRJEB3289,RXRA_TCACGT30NGCA,RXRA_H1
PRJEB3289,RXRA_TCACGT30NGCA,RXRA_HepG2
PRJEB3289,RXRA_TCACGT30NGCA,RXRA_SK-N-SH
PRJEB3289,SRY_TACTGC30NGTC,SRY_HepG2
PRJEB3289,TBX21_TACTGC40NGTC,TBX21_GM12878
PRJEB3289,TGIF2_TGAACG30NCAA,TGIF2_HepG2
PRJEB3289,TGIF2_TGAACG30NCAA,TGIF2_K562
PRJEB14744,E2F3_TTACAT20NACA,E2F3_K562
PRJEB14744,E2F7_TCACAC20NACA,E2F7_K562
PRJEB14744,EGR1_TCTCTT20NGA,EGR1_GM12878
PRJEB14744,EGR1_TCTCTT20NGA,EGR1_H1
PRJEB14744,EGR1_TCTCTT20NGA,EGR1_HCT116
PRJEB14744,EGR1_TCTCTT20NGA,EGR1_HepG2
PRJEB14744,EGR1_TCTCTT20NGA,EGR1_Ishikawa
PRJEB14744,EGR1_TCTCTT20NGA,EGR1_K562
PRJEB14744,EGR1_TCTCTT20NGA,EGR1_MCF-7
PRJEB14744,EGR2_TCATCA20NCTA,EGR2_HEK293
PRJEB14744,IRF3_TCCTAA40NATC,IRF3_GM12878
PRJEB14744,IRF3_TCCTAA40NATC,IRF3_HeLa-S3
PRJEB14744,IRF3_TCCTAA40NATC,IRF3_HepG2
PRJEB14744,IRF3_TCCTAA40NATC,IRF3_SK-N-SH
PRJEB14744,HNF1B_TCGACT20NCAT,HNF1B_HepG2
PRJEB14744,PAX5_TACAGG20NGAC,PAX5_GM12878
PRJEB14744,PAX5_TACAGG20NGAC,PAX5_GM12891
PRJEB14744,PAX5_TACAGG20NGAC,PAX5_GM12892
PRJEB14744,MNT_TCTTCT20NGA,MNT_HepG2
PRJEB14744,MNT_TCTTCT20NGA,MNT_K562
PRJEB14744,MNT_TCTTCT20NGA,MNT_MCF-7
PRJEB14744,RARB_TAGTTT20NTTT,RARB_A549
PRJEB14744,RARB_TAGTTT20NTTT,RARB_SK-N-SH
PRJEB14744,FOXJ2_TGACGA20NGA,FOXJ2_K562
PRJEB14744,HNF4A_TGACAG20NGA,HNF4A_HepG2
PRJEB14744,SP4_TTATGT20NGTA,SP4_H1
PRJEB14744,SP4_TTATGT20NGTA,SP4_HepG2
PRJEB14744,HNF4A_TCCGTG40NTGC,HNF4A_HepG2
PRJEB14744,YY2_TGAGCA20NGA,YY2_HEK293
PRJEB14744,IRF9_TATGTT20NTGG,IRF9_HepG2
PRJEB14744,IRF9_TATGTT20NTGG,IRF9_K562
PRJEB14744,SPDEF_TCATTG20NCG,SPDEF_MCF-7
PRJEB14744,MSX2_TGCGGG20NGA,MSX2_MCF-7
PRJEB14744,YY2_TCTTTC20NTTG,YY2_HEK293
PRJEB14744,Hnf4a_TCCACG20NCG,HNF4A_HepG2
PRJEB14744,Rfx3_TGGGTA20NCG,RFX3_HepG2
PRJEB14744,FOXO1_TTCAGC20NTA,FOXO1_HepG2
PRJEB14744,CEBPB_TCAACC20NCAA,CEBPB_A549
PRJEB14744,CEBPB_TCAACC20NCAA,CEBPB_GM12878
PRJEB14744,CEBPB_TCAACC20NCAA,CEBPB_H1
PRJEB14744,CEBPB_TCAACC20NCAA,CEBPB_HCT116
PRJEB14744,CEBPB_TCAACC20NCAA,CEBPB_HeLa-S3
PRJEB14744,CEBPB_TCAACC20NCAA,CEBPB_HepG2
PRJEB14744,CEBPB_TCAACC20NCAA,CEBPB_IMR-90
PRJEB14744,CEBPB_TCAACC20NCAA,CEBPB_Ishikawa
PRJEB14744,CEBPB_TCAACC20NCAA,CEBPB_K562
PRJEB14744,CEBPB_TCAACC20NCAA,CEBPB_MCF-7
PRJEB14744,RFX5_TGGAGC30NGAT,RFX5_A549
PRJEB14744,RFX5_TGGAGC30NGAT,RFX5_GM12878
PRJEB14744,RFX5_TGGAGC30NGAT,RFX5_H1
PRJEB14744,RFX5_TGGAGC30NGAT,RFX5_HeLa-S3
PRJEB14744,RFX5_TGGAGC30NGAT,RFX5_HepG2
PRJEB14744,RFX5_TGGAGC30NGAT,RFX5_IMR-90
PRJEB14744,RFX5_TGGAGC30NGAT,RFX5_K562
PRJEB14744,RFX5_TGGAGC30NGAT,RFX5_MCF-7
PRJEB14744,RFX5_TGGAGC30NGAT,RFX5_SK-N-SH
PRJEB14744,HOMEZ_TCGATC20NTAT,HOMEZ_HepG2
PRJEB14744,HOMEZ_TCGATC20NTAT,HOMEZ_K562
PRJEB14744,Srebf1_TACATT20NCG,SREBF1_A549
PRJEB14744,Srebf1_TACATT20NCG,SREBF1_GM12878
PRJEB14744,Srebf1_TACATT20NCG,SREBF1_K562
PRJEB14744,Srebf1_TACATT20NCG,SREBF1_MCF-7
PRJEB14744,Irx3_TACTGC20NCG,IRX3_HepG2
PRJEB14744,MYBL2_TGAGTG20NGA,MYBL2_HepG2
PRJEB14744,MYBL2_TGAGTG20NGA,MYBL2_K562
PRJEB14744,MYBL2_TGAGTG20NGA,MYBL2_WTC11
PRJEB14744,ZBED1_TAATAG20NCG,ZBED1_GM12878
PRJEB14744,ZBED1_TAATAG20NCG,ZBED1_K562
PRJEB14744,CEBPB_TGGACA20NGA,CEBPB_A549
PRJEB14744,CEBPB_TGGACA20NGA,CEBPB_GM12878
PRJEB14744,CEBPB_TGGACA20NGA,CEBPB_H1
PRJEB14744,CEBPB_TGGACA20NGA,CEBPB_HCT116
PRJEB14744,CEBPB_TGGACA20NGA,CEBPB_HeLa-S3
PRJEB14744,CEBPB_TGGACA20NGA,CEBPB_HepG2
PRJEB14744,CEBPB_TGGACA20NGA,CEBPB_IMR-90
PRJEB14744,CEBPB_TGGACA20NGA,CEBPB_Ishikawa
PRJEB14744,CEBPB_TGGACA20NGA,CEBPB_K562
PRJEB14744,CEBPB_TGGACA20NGA,CEBPB_MCF-7
PRJEB14744,SREBF2_TGAGAT20NGA,SREBF2_A549
PRJEB14744,SREBF2_TGAGAT20NGA,SREBF2_GM12878
PRJEB14744,SREBF2_TGAGAT20NGA,SREBF2_HeLa-S3
PRJEB14744,SREBF2_TGAGAT20NGA,SREBF2_K562
PRJEB14744,CEBPD_TAATGA20NCG,CEBPD_HepG2
PRJEB14744,GATA4_TAAAAT20NAAA,GATA4_HepG2
PRJEB14744,SRY_TACTGC30NGTC,SRY_HepG2
PRJEB14744,HOXA10_TAGGAT30NAGT,HOXA10_HepG2
PRJEB14744,ELK1_TCGGAA20NAGT,ELK1_A549
PRJEB14744,ELK1_TCGGAA20NAGT,ELK1_GM12878
PRJEB14744,ELK1_TCGGAA20NAGT,ELK1_HeLa-S3
PRJEB14744,ELK1_TCGGAA20NAGT,ELK1_HepG2
PRJEB14744,ELK1_TCGGAA20NAGT,ELK1_IMR-90
PRJEB14744,ELK1_TCGGAA20NAGT,ELK1_K562
PRJEB14744,ELK1_TCGGAA20NAGT,ELK1_MCF-7
PRJEB14744,PITX1_TCTCTT20NTCG,PITX1_HepG2
PRJEB14744,ISL2_TCTAAT30NAAG,ISL2_HepG2
PRJEB14744,NFATC1_TTCGTA20NTGC,NFATC1_GM12878
PRJEB14744,PITX1_TCATGC20NCG,PITX1_HepG2
PRJEB14744,ELK1_TGAGTG20NTGA,ELK1_A549
PRJEB14744,ELK1_TGAGTG20NTGA,ELK1_GM12878
PRJEB14744,ELK1_TGAGTG20NTGA,ELK1_HeLa-S3
PRJEB14744,ELK1_TGAGTG20NTGA,ELK1_HepG2
PRJEB14744,ELK1_TGAGTG20NTGA,ELK1_IMR-90
PRJEB14744,ELK1_TGAGTG20NTGA,ELK1_K562
PRJEB14744,ELK1_TGAGTG20NTGA,ELK1_MCF-7
PRJEB14744,NFIA_TACGTC20NTGC,NFIA_HepG2
PRJEB14744,NFIL3_TAGACG20NCG,NFIL3_HepG2
PRJEB14744,CEBPG_TAGACG20NTA,CEBPG_HepG2
PRJEB14744,CEBPG_TAGACG20NTA,CEBPG_K562
PRJEB14744,NFIX_TCAACC20NCG,NFIX_K562
PRJEB14744,ELK3_TCGGGG20NGGT,ELK3_K562
PRJEB14744,RORA_TCTGTA30NTGG,RORA_HepG2
PRJEB14744,NR2C2_TCGACT20NCAT,NR2C2_GM12878
PRJEB14744,NR2C2_TCGACT20NCAT,NR2C2_HeLa-S3
PRJEB14744,NR2C2_TCGACT20NCAT,NR2C2_HepG2
PRJEB14744,NR2C2_TCGACT20NCAT,NR2C2_K562
PRJEB14744,NR2C2_TCGACT20NCAT,NR2C2_WTC11
PRJEB14744,POU2F1_TCTTTC20NGA,POU2F1_HepG2
PRJEB14744,EMX1_TCGCAT30NACT,EMX1_WTC11
PRJEB14744,CREB3_TAGAAC20NCG,CREB3_HepG2
PRJEB14744,KLF13_TGGACA20NGA,KLF13_HepG2
PRJEB14744,KLF13_TGGACA20NGA,KLF13_K562
PRJEB14744,NR2F1_TCTGAC20NGA,NR2F1_HepG2
PRJEB14744,NR2F1_TCTGAC20NGA,NR2F1_K562
PRJEB14744,POU2F2_TGACAG20NGA,POU2F2_GM12878
PRJEB14744,POU2F2_TGACAG20NGA,POU2F2_GM12891
PRJEB14744,CREB3L1_TAAACA20NCAA,CREB3L1_K562
PRJEB14744,RUNX3_TCTCCC20NGA,RUNX3_GM12878
PRJEB14744,NR2F1_TCTGAC30NAGG,NR2F1_HepG2
PRJEB14744,NR2F1_TCTGAC30NAGG,NR2F1_K562
PRJEB14744,ZNF143_TGCAAG20NCG,ZNF143_HepG2
PRJEB14744,ZNF143_TGCAAG20NCG,ZNF143_K562
PRJEB14744,ZNF143_TGCAAG20NCG,ZNF143_WTC11
PRJEB14744,TBX2_TCTATG20NTAG,TBX2_HepG2
PRJEB14744,NR2F6_TCTTGA20NGA,NR2F6_HepG2
PRJEB14744,NR2F6_TCTTGA20NGA,NR2F6_K562
PRJEB14744,HOXB13_TGCCTG20NGA,HOXB13_A549
PRJEB14744,RXRA_TCACGT30NGCA,RXRA_GM12878
PRJEB14744,RXRA_TCACGT30NGCA,RXRA_H1
PRJEB14744,RXRA_TCACGT30NGCA,RXRA_HepG2
PRJEB14744,RXRA_TCACGT30NGCA,RXRA_SK-N-SH
PRJEB14744,KLF16_TTGATT20NTA,KLF16_HEK293
PRJEB14744,KLF16_TTGATT20NTA,KLF16_HepG2
PRJEB14744,KLF16_TTGATT20NTA,KLF16_K562
PRJEB14744,RXRA_TCTACA40NCAG,RXRA_GM12878
PRJEB14744,RXRA_TCTACA40NCAG,RXRA_H1
PRJEB14744,RXRA_TCTACA40NCAG,RXRA_HepG2
PRJEB14744,RXRA_TCTACA40NCAG,RXRA_SK-N-SH
PRJEB14744,TBX21_TGGTCT20NCTT,TBX21_GM12878
PRJEB14744,GLI2_TAAGTA40NTGA,GLI2_HEK293
PRJEB14744,RXRB_TGAGCA20NGA,RXRB_HepG2
PRJEB14744,NR3C1_TGACGA20NGCA,NR3C1_A549
PRJEB14744,NR3C1_TGACGA20NGCA,NR3C1_HepG2
PRJEB14744,NR3C1_TGACGA20NGCA,NR3C1_K562
PRJEB14744,CUX1_TAGCAG40NACT,CUX1_GM12878
PRJEB14744,CUX1_TAGCAG40NACT,CUX1_K562
PRJEB14744,CUX1_TAGCAG40NACT,CUX1_MCF-7
PRJEB14744,LBX2_TAATTC20NTTA,LBX2_HepG2
PRJEB14744,TBX21_TACTGC40NGTC,TBX21_GM12878
PRJEB14744,GLIS2_TACTAT20NATC,GLIS2_HEK293
PRJEB14744,HOXC10_TGGACA20NGA,HOXC10_HEK293
PRJEB14744,ERG_TCTACA20NCAG,ERG_WTC11
PRJEB14744,NRF1_TAGCGA20NCG,NRF1_H1
PRJEB14744,NRF1_TAGCGA20NCG,NRF1_HeLa-S3
PRJEB14744,NRF1_TAGCGA20NCG,NRF1_HepG2
PRJEB14744,NRF1_TAGCGA20NCG,NRF1_K562
PRJEB14744,NRF1_TAGCGA20NCG,NRF1_MCF-7
PRJEB14744,NRF1_TAGCGA20NCG,NRF1_SK-N-SH
PRJEB14744,ZNF784_TGCGGG20NGA,ZNF784_HepG2
PRJEB14744,ERG_TGCAAG20NAAC,ERG_WTC11
PRJEB14744,DBP_TAACTT20NCG,DBP_HepG2
PRJEB14744,Hoxc10_TATAGA20NGAG,HOXC10_HEK293
PRJEB14744,TCF3_TACCCG20NCCC,TCF3_GM12878
PRJEB14744,TCF3_TACCCG20NCCC,TCF3_HepG2
PRJEB14744,TCF3_TACCCG20NCCC,TCF3_K562
PRJEB14744,SMAD3_TGGGTA20NGA,SMAD3_HepG2
PRJEB14744,SMAD3_TGGGTA20NGA,SMAD3_K562
PRJEB14744,SMAD3_TGGGTA20NGA,SMAD3_WTC11
PRJEB14744,Dbp_TAAATG20NCG,DBP_HepG2
PRJEB14744,ESRRG_TGACGA20NGCA,ESRRG_SK-N-SH
PRJEB14744,TCF4_TGCGAA20NGA,TCF4_SK-N-SH
PRJEB14744,ONECUT1_TCGCAT20NGA,ONECUT1_HepG2
PRJEB14744,ONECUT1_TAGCTC20NTCT,ONECUT1_HepG2
PRJEB14744,ETS1_TGTAAA20NGA,ETS1_GM12878
PRJEB14744,ETS1_TGTAAA20NGA,ETS1_GM23338
PRJEB14744,ETS1_TGTAAA20NGA,ETS1_HepG2
PRJEB14744,MAFK_TGCCTG30NTCC,MAFK_A549
PRJEB14744,MAFK_TGCCTG30NTCC,MAFK_GM12878
PRJEB14744,MAFK_TGCCTG30NTCC,MAFK_H1
PRJEB14744,MAFK_TGCCTG30NTCC,MAFK_HeLa-S3
PRJEB14744,MAFK_TGCCTG30NTCC,MAFK_HepG2
PRJEB14744,MAFK_TGCCTG30NTCC,MAFK_IMR-90
PRJEB14744,MAFK_TGCCTG30NTCC,MAFK_K562
PRJEB14744,MAFK_TGCCTG30NTCC,MAFK_MCF-7
PRJEB14744,DLX4_TCTTCT20NGA,DLX4_K562
PRJEB14744,ONECUT2_TGGGCG30NCGT,ONECUT2_HepG2
PRJEB14744,ETS1_TGTACC30NCAG,ETS1_GM12878
PRJEB14744,ETS1_TGTACC30NCAG,ETS1_GM23338
PRJEB14744,ETS1_TGTACC30NCAG,ETS1_HepG2
PRJEB14744,DLX6_TGCGGG20NGA,DLX6_HepG2
PRJEB14744,MAX_TGACCT20NGA,MAX_A549
PRJEB14744,MAX_TGACCT20NGA,MAX_GM12878
PRJEB14744,MAX_TGACCT20NGA,MAX_H1
PRJEB14744,MAX_TGACCT20NGA,MAX_HCT116
PRJEB14744,MAX_TGACCT20NGA,MAX_HeLa-S3
PRJEB14744,MAX_TGACCT20NGA,MAX_HepG2
PRJEB14744,MAX_TGACCT20NGA,MAX_Ishikawa
PRJEB14744,MAX_TGACCT20NGA,MAX_K562
PRJEB14744,MAX_TGACCT20NGA,MAX_MCF-7
PRJEB14744,MAX_TGACCT20NGA,MAX_NB4
PRJEB14744,MAX_TGACCT20NGA,MAX_SK-N-SH
PRJEB14744,MAX_TGACCT20NGA,MAX_WTC11
PRJEB14744,TEF_TATAAG20NTA,TEF_HepG2
PRJEB14744,SOX15_TGTTCA20NCTG,SOX15_WTC11
PRJEB14744,PROX1_TGCAGA20NGA,PROX1_HepG2
PRJEB14744,Hic1_TCATCA20NCTA,HIC1_HEK293
PRJEB14744,OTX1_TGATAA20NGA,OTX1_K562
PRJEB14744,OTX1_TGATAA20NGA,OTX1_MCF-7
PRJEB14744,Meis2_TCAAAA20NTA,MEIS2_HepG2
PRJEB14744,Meis2_TCAAAA20NTA,MEIS2_K562
PRJEB14744,ETV5_TGCACT20NGA,ETV5_HepG2
PRJEB14744,ETV5_TGCACT20NGA,ETV5_K562
PRJEB14744,E2F2_TACTCA20NCG,E2F2_HepG2
PRJEB14744,HLF_TAGCCT20NCG,HLF_HepG2
PRJEB14744,HSF1_TACCAC20NACC,HSF1_GM12878
PRJEB14744,HSF1_TACCAC20NACC,HSF1_MCF-7
PRJEB14744,PRRX2_TGGGGT20NGA,PRRX2_WTC11
PRJEB14744,TFAP4_TCACGT20NGCA,TFAP4_HepG2
PRJEB14744,TFAP4_TCACGT20NGCA,TFAP4_K562
PRJEB14744,ETV6_TGAGTG20NGA,ETV6_GM12878
PRJEB14744,ETV6_TGAGTG20NGA,ETV6_K562
PRJEB14744,ETV6_TGAGTG20NGA,ETV6_WTC11
PRJEB14744,Hlf_TCAATT20NTA,HLF_HepG2
PRJEB14744,HSF1_TATAGA20NGAG,HSF1_GM12878
PRJEB14744,HSF1_TATAGA20NGAG,HSF1_MCF-7
PRJEB14744,Prrx2_TATGAA20NAGG,PRRX2_WTC11
PRJEB14744,HMBOX1_TCCTGG20NCG,HMBOX1_K562
PRJEB14744,TGIF2_TGAACG30NCAA,TGIF2_HepG2
PRJEB14744,TGIF2_TGAACG30NCAA,TGIF2_K562
PRJEB14744,HSF2_TGGGGT20NCG,HSF2_HepG2
PRJEB14744,Rarb_TCGTGT20NCG,RARB_A549
PRJEB14744,Rarb_TCGTGT20NCG,RARB_SK-N-SH
PRJEB9797_PRJEB20112,ZBTB37_TCGCGT40NCGG,ZBTB37_HepG2
PRJEB9797_PRJEB20112,FOXA1_TAGCGT40NTCA,FOXA1_HEK293T
PRJEB9797_PRJEB20112,FOXA1_TAGCGT40NTCA,FOXA1_HepG2
PRJEB9797_PRJEB20112,FOXA1_TAGCGT40NTCA,FOXA1_K562
PRJEB9797_PRJEB20112,FOXA1_TAGCGT40NTCA,FOXA1_MCF-7
PRJEB9797_PRJEB20112,RFX1_TTTAGG40NTCT,RFX1_HepG2
PRJEB9797_PRJEB20112,RFX1_TTTAGG40NTCT,RFX1_K562
PRJEB9797_PRJEB20112,RFX1_TTTAGG40NTCT,RFX1_MCF-7
PRJEB9797_PRJEB20112,RFX3_TCCACC40NTTA,RFX3_HepG2
PRJEB9797_PRJEB20112,FOXA3_TGTGGT40NGGC,FOXA3_HepG2
PRJEB9797_PRJEB20112,FOXA3_TGTGGT40NGGC,FOXA3_K562
PRJEB9797_PRJEB20112,IRF9_TTCAGG40NTGC,IRF9_HepG2
PRJEB9797_PRJEB20112,IRF9_TTCAGG40NTGC,IRF9_K562
PRJEB9797_PRJEB20112,ZBTB43_TACGGT40NTAC,ZBTB43_K562
PRJEB9797_PRJEB20112,ZBTB43_TACGGT40NTAC,ZBTB43_WTC11
PRJEB9797_PRJEB20112,IRX3_TGGCCT40NTAT,IRX3_HepG2
PRJEB9797_PRJEB20112,KLF10_TATGTA40NTGT,KLF10_HEK293
PRJEB9797_PRJEB20112,KLF10_TATGTA40NTGT,KLF10_K562
PRJEB9797_PRJEB20112,RORB_TTCGGG40NGAG,RORB_WTC11
PRJEB9797_PRJEB20112,ZFP41_TCAGAA40NAGG,ZFP41_HEK293
PRJEB9797_PRJEB20112,ZFP41_TCAGAA40NAGG,ZFP41_HepG2
PRJEB9797_PRJEB20112,ZNF12_TTCGGC40NAGC,ZNF12_HepG2
PRJEB9797_PRJEB20112,ZNF12_TTCGGC40NAGC,ZNF12_K562
PRJEB9797_PRJEB20112,SMAD5_TGTCTG40NAGG,SMAD5_GM12878
PRJEB9797_PRJEB20112,SMAD5_TGTCTG40NAGG,SMAD5_K562
PRJEB9797_PRJEB20112,ZNF140_TGAGGT40NTCC,ZNF140_HEK293
PRJEB9797_PRJEB20112,ZNF140_TGAGGT40NTCC,ZNF140_K562
PRJEB9797_PRJEB20112,KLF6_TGCTCC40NCCG,KLF6_HepG2
PRJEB9797_PRJEB20112,KLF6_TGCTCC40NCCG,KLF6_K562
PRJEB9797_PRJEB20112,SNAI2_TACCTT40NCGA,SNAI2_SK-N-SH
PRJEB9797_PRJEB20112,LEF1_TTGTTA40NGGT,LEF1_HEK293T
PRJEB9797_PRJEB20112,LEF1_TTGTTA40NGGT,LEF1_K562
PRJEB9797_PRJEB20112,ZNF343_TGGCGT40NCCT,ZNF343_HepG2
PRJEB9797_PRJEB20112,SPDEF_TAGAGA40NCGC,SPDEF_MCF-7
PRJEB9797_PRJEB20112,MEIS2_TCTACT40NACA,MEIS2_HepG2
PRJEB9797_PRJEB20112,MEIS2_TCTACT40NACA,MEIS2_K562
PRJEB9797_PRJEB20112,SPDEF_TCACAT40NATG,SPDEF_MCF-7
PRJEB9797_PRJEB20112,MEIS2_TTGGCC40NTCG,MEIS2_HepG2
PRJEB9797_PRJEB20112,MEIS2_TTGGCC40NTCG,MEIS2_K562
PRJEB9797_PRJEB20112,ZNF660_TGCACG40NTTG,ZNF660_HEK293
PRJEB9797_PRJEB20112,ZNF660_TGCACG40NTTG,ZNF660_HepG2
PRJEB9797_PRJEB20112,TEAD2_TGAGCG40NTTG,TEAD2_HepG2
PRJEB9797_PRJEB20112,TEAD2_TGAGCG40NTTG,TEAD2_K562
PRJEB9797_PRJEB20112,ZNF784_TACCAA40NTTA,ZNF784_HepG2
PRJEB9797_PRJEB20112,TFCP2_TTAGTA40NCTC,TFCP2_K562
PRJEB9797_PRJEB20112,MYBL2_TTAGAG40NCGG,MYBL2_HepG2
PRJEB9797_PRJEB20112,MYBL2_TTAGAG40NCGG,MYBL2_K562
PRJEB9797_PRJEB20112,MYBL2_TTAGAG40NCGG,MYBL2_WTC11
PRJEB9797_PRJEB20112,NFATC1_TTCAAG40NGCC,NFATC1_GM12878
PRJEB9797_PRJEB20112,ZSCAN16_TGGCTA40NTCC,ZSCAN16_HEK293
PRJEB9797_PRJEB20112,ZSCAN4_TAGAGA40NCGC,ZSCAN4_HEK293
PRJEB9797_PRJEB20112,ARNT2_TCTGTC40NCAA,ARNT2_HepG2
PRJEB9797_PRJEB20112,ATF4_TCTAGG40NCTG,ATF4_HepG2
PRJEB9797_PRJEB20112,ATF4_TCTAGG40NCTG,ATF4_K562
PRJEB9797_PRJEB20112,YY2_TAGAGA40NCGC,YY2_HEK293
PRJEB9797_PRJEB20112,ATF6_TTGGCC40NTCG,ATF6_K562
PRJEB9797_PRJEB20112,ATF6_TTGGCC40NTCG,ATF6_WTC11
PRJEB9797_PRJEB20112,ZBED1_TACCCT40NTTA,ZBED1_GM12878
PRJEB9797_PRJEB20112,ZBED1_TACCCT40NTTA,ZBED1_K562
PRJEB9797_PRJEB20112,NRL_TAAGGG40NACC,NRL_HepG2
PRJEB9797_PRJEB20112,BACH2_TTCGAG40NGCG,BACH2_SK-N-SH
PRJEB9797_PRJEB20112,OTX1_TGGACT40NAAT,OTX1_K562
PRJEB9797_PRJEB20112,OTX1_TGGACT40NAAT,OTX1_MCF-7
PRJEB9797_PRJEB20112,ZBTB2_TTAAAT40NAAT,ZBTB2_HepG2
PRJEB9797_PRJEB20112,ZBTB2_TTAAAT40NAAT,ZBTB2_K562
PRJEB9797_PRJEB20112,BCL6_TTTAGG40NTCT,BCL6_HepG2
PRJEB9797_PRJEB20112,BCL6_TTTAGG40NTCT,BCL6_K562
PRJEB9797_PRJEB20112,BCL6B_TGAAGC40NCTA,BCL6B_HEK293
PRJEB9797_PRJEB20112,ZBTB20_TTCGCC40NGAC,ZBTB20_HEK293
PRJEB9797_PRJEB20112,ZBTB20_TTCGCC40NGAC,ZBTB20_HepG2
PRJEB9797_PRJEB20112,OVOL2_TGTGAT40NGCA,OVOL2_WTC11
PRJEB9797_PRJEB20112,PAX8_TCTTGT40NCAG,PAX8_GM12878
PRJEB9797_PRJEB20112,PAX8_TCTTGT40NCAG,PAX8_HepG2
PRJEB9797_PRJEB20112,PAX8_TCTTGT40NCAG,PAX8_MCF-7
PRJEB9797_PRJEB20112,CDX4_TACAGC40NCTT,CDX4_WTC11
PRJEB9797_PRJEB20112,PKNOX1_TAGACC40NAGT,PKNOX1_GM12878
PRJEB9797_PRJEB20112,PKNOX1_TAGACC40NAGT,PKNOX1_HEK293T
PRJEB9797_PRJEB20112,PKNOX1_TAGACC40NAGT,PKNOX1_K562
PRJEB9797_PRJEB20112,PKNOX1_TAGACC40NAGT,PKNOX1_MCF-7
PRJEB9797_PRJEB20112,E2F2_TTCAAG40NGCC,E2F2_HepG2
PRJEB9797_PRJEB20112,E2F3_TTGTCT40NGCT,E2F3_K562
PRJEB9797_PRJEB20112,PKNOX1_TGAGTT40NCGG,PKNOX1_GM12878
PRJEB9797_PRJEB20112,PKNOX1_TGAGTT40NCGG,PKNOX1_HEK293T
PRJEB9797_PRJEB20112,PKNOX1_TGAGTT40NCGG,PKNOX1_K562
PRJEB9797_PRJEB20112,PKNOX1_TGAGTT40NCGG,PKNOX1_MCF-7
PRJEB9797_PRJEB20112,E2F4_TCAGGG40NGCA,E2F4_GM12878
PRJEB9797_PRJEB20112,E2F4_TCAGGG40NGCA,E2F4_HeLa-S3
PRJEB9797_PRJEB20112,E2F4_TCAGGG40NGCA,E2F4_HepG2
PRJEB9797_PRJEB20112,E2F4_TCAGGG40NGCA,E2F4_K562
PRJEB9797_PRJEB20112,E2F4_TCAGGG40NGCA,E2F4_MCF-7
PRJEB9797_PRJEB20112,E2F4_TCAGGG40NGCA,E2F4_WTC11
PRJEB9797_PRJEB20112,POU5F1_TGCAGG40NTCG,POU5F1_GM23338
PRJEB9797_PRJEB20112,POU5F1_TGCAGG40NTCG,POU5F1_H1
PRJEB9797_PRJEB20112,POU5F1_TGCAGG40NTCG,POU5F1_K562
PRJEB9797_PRJEB20112,E2F7_TACGAA40NAGA,E2F7_K562
PRJEB9797_PRJEB20112,PRDM4_TGTACA40NGTA,PRDM4_HEK293
PRJEB9797_PRJEB20112,PRDM4_TGTACA40NGTA,PRDM4_HepG2
PRJEB9797_PRJEB20112,E2F8_TCCATC40NTGA,E2F8_GM12878
PRJEB9797_PRJEB20112,E2F8_TCCATC40NTGA,E2F8_K562
PRJEB9797_PRJEB20112,E2F8_TCCATC40NTGA,E2F8_MCF-7
PRJEB9797_PRJEB20112,PRRX2_TGCCAA40NTAG,PRRX2_WTC11
PRJEB9797_PRJEB20112,ELK3_TGTCAG40NGAC,ELK3_K562
PRJEB9797_PRJEB20112,ERG_TAGAGC40NTAG,ERG_WTC11
PRJEB9797_PRJEB20112,ERG_TCCCGG40NTAC,ERG_WTC11
PRJEB9797_PRJEB20112,ETS2_TGTGAT40NGCA,ETS2_K562
PRJEB9797_PRJEB20112,RARB_TACATG40NTAG,RARB_A549
PRJEB9797_PRJEB20112,RARB_TACATG40NTAG,RARB_SK-N-SH
